{"start":"2020-06-24 00:00:00","cat":0,"target":[0.0024193,0.0024081,0.0023593,0.0023045,0.0023142,0.0023077,0.0023185,0.0023203,0.002322,0.0023139,0.0023012,0.0023029,0.0026193,0.003136,0.0047657,0.0043214,0.0035313,0.0038041,0.0036358,0.0031677,0.0032888,0.0030868,0.0029808,0.0030528,0.003449,0.0033811,0.0032201,0.0032979,0.0032868,0.0032997,0.0032113,0.0032475,0.0031694,0.0031663,0.0032281,0.003224,0.0037144,0.0033312,0.0033818,0.0035458,0.0035028,0.00356,0.003496,0.0035134,0.0034664,0.0034952,0.0033906,0.0034606,0.0034877,0.0035731,0.0035328,0.0035302,0.0035877,0.003476,0.0034196,0.0034399,0.0033776,0.0034331,0.0033955,0.0034116,0.0032907,0.0032939,0.0031997,0.0032637,0.0032749,0.0032981,0.0032073,0.0032411,0.0031161,0.0027692,0.0028797,0.002764,0.0027859,0.0028151,0.002747,0.002779,0.0028077,0.0027956,0.0028141,0.002783,0.0027851,0.0028278,0.0028053,0.0028078,0.0027892,0.0027901,0.0027729,0.0025972,0.0026432,0.0025444,0.0026297,0.0027015,0.0026972,0.0026954,0.0026504,0.0026727,0.002635,0.0026246,0.0025902,0.0025955,0.002633,0.0026182,0.002597,0.0025895,0.0026098,0.0026556,0.0026621,0.0026701,0.002667,0.0026385,0.002639,0.0025953,0.002604,0.0025834,0.0025874,0.0025921,0.0025944,0.002623,0.002646,0.0026423,0.0026365,0.0026528,0.002665,0.0026702,0.0025801,0.0025733,0.0025833,0.0025666,0.0025745,0.0025162,0.0025141,0.002546,0.0026347,0.002757,0.00267,0.002707,0.002672,0.002761,0.002758,0.0027788,0.0028114,0.0027689,0.0027718,0.00289,0.0029398,0.0029085,0.0029068,0.002987,0.0035132,0.0033415,0.0036845,0.0042592,0.0037081,0.0032492,0.0032752,0.0033945,0.0034365,0.003561,0.0033211,0.0033624,0.003429,0.003283,0.0033917,0.0033857,0.003336,0.0031723,0.0031562,0.0031043,0.0030732,0.0031609,0.00326,0.003226,0.0032078,0.0034183,0.003722,0.0038675,0.0039291,0.0046381,0.0047784,0.0045159,0.0037449,0.0045731,0.0045549,0.0045131,0.004547,0.0046015,0.0045012,0.0046251,0.0046709,0.00568,0.0105264,0.0098209,0.0097613,0.00997,0.01042,0.0097439,0.00974,0.0101789,0.00982,0.0088326,0.0080807,0.0086738,0.0093907,0.0093525,0.0090987,0.0091782,0.0090428,0.0090487,0.0081581,0.0085075,0.0085779,0.0087135,0.0083509,0.0082472,0.0074124,0.0364995,0.0459059,0.02826,0.037,0.0348173,0.0313489,0.0372597,0.0529081,0.0467193,0.0576559,0.0779247,0.0787,0.0700121,0.0725527,0.069583,0.0697675,0.0662405,0.0626783,0.0565,0.0560183,0.0504768,0.0500725,0.0481582,0.0505933,0.050364,0.0504146,0.0499865,0.0495285,0.0509588,0.0519871,0.0629738,0.0579117,0.0558692,0.0559286,0.0552731,0.0627892,0.058221,0.0569691,0.0586507,0.057892,0.0573485,0.0582472,0.0588186,0.0574781,0.054888,0.0533532,0.0514996,0.051266,0.053931,0.054436,0.0536656,0.054124,0.0540003,0.0537699,0.062151,0.0575849,0.0555113,0.0573943,0.0599992,0.0644047,0.0587769,0.0617838,0.0615878,0.0637167,0.07433,0.0707343,0.094402,0.1214329,0.1823599,0.3654434,0.2822532,0.3223299,0.408903,0.3173205,0.3058251,0.2606615,0.2498155,0.27,0.25159,0.27161,0.27232,0.32311,0.30479,0.33746,0.39087,0.37397,0.44142,0.53854,0.654,0.58106,0.68982,0.63708,0.57063,0.45074,0.49326,0.3916,0.48945,0.55971,0.50855,0.5137,0.4875,0.47574,0.32945,0.39758,0.35778,0.34199,0.30633,0.36589,0.34598,0.35284,0.33403,0.31123,0.3028,0.30179,0.32557,0.37006,0.42338,0.40078,0.37628,0.3713,0.37143,0.33146,0.32586,0.34318,0.32606,0.3187,0.31216,0.32394,0.32767,0.32028,0.30775,0.30619,0.29328,0.28567,0.28054,0.26377,0.21963,0.19761,0.18534,0.19626,0.20153,0.20095,0.20482,0.26189,0.23996,0.25609,0.25732,0.26445,0.26401,0.28667,0.29402,0.33984,0.31956,0.29933,0.3032,0.31778,0.32733,0.31662,0.31467,0.31783,0.28864,0.29255,0.2684,0.2944,0.286,0.2809,0.272,0.2781,0.2943,0.2947,0.2961,0.2992,0.3143,0.309,0.2552,0.2567,0.2525,0.2397,0.241,0.2502,0.2358,0.2406,0.2476,0.2418,0.2401,0.2413,0.2331,0.2086,0.2009,0.2245,0.2246,0.2091,0.2083,0.205,0.1997,0.1965,0.1987,0.2042,0.2226,0.2185,0.2218,0.2414,0.2516,0.2541,0.2428,0.2441,0.2467,0.2288,0.2312,0.2261,0.2326,0.2325,0.234,0.2372,0.2378,0.2474,0.2454,0.2548,0.2424,0.2446,0.2511,0.2756,0.2651,0.2559,0.2379,0.2997,0.2882,0.269,0.28,0.2716,0.2739,0.2689,0.263,0.2609,0.2618,0.2664,0.2819,0.2736,0.2553,0.2605,0.2593,0.2613,0.2628,0.2566,0.2365,0.2374,0.2208,0.2329,0.233,0.2255,0.2195,0.2266,0.217,0.2209,0.2016,0.2049,0.2073,0.215,0.2147,0.2093,0.2095,0.1999,0.1781,0.1712,0.1776,0.1762,0.179,0.1691,0.1641,0.1689,0.1697,0.1573,0.1909,0.1808,0.1732,0.1685,0.1723,0.1694,0.1671,0.1707,0.173,0.185,0.1862,0.1908,0.1898,0.1879,0.1739,0.168,0.1711,0.1703,0.1732,0.1745,0.1703,0.1684,0.159,0.1599,0.1332,0.1427,0.1431,0.1414,0.1414,0.143,0.1391,0.1415,0.1423,0.137,0.1379,0.1478,0.1469,0.1539,0.1653,0.1581,0.1594,0.1514,0.1446,0.1444,0.148,0.1457,0.1517,0.1487,0.1383,0.1386,0.1409,0.1366,0.1282,0.1313,0.1273,0.1241,0.1276,0.1276,0.1229,0.1335,0.134,0.133,0.1297,0.1226,0.125,0.1207,0.1167,0.117,0.1215,0.1169,0.1155,0.1147,0.1114,0.1139,0.1126,0.1171,0.1163,0.1191,0.1236,0.1191,0.1192,0.1224,0.1298,0.1368,0.1308,0.136,0.1448,0.1425,0.1444,0.1432,0.1381,0.1413,0.1387,0.1466,0.1485,0.1727,0.1433,0.1459,0.1424,0.1442,0.1482,0.1341,0.138,0.1399,0.1441,0.1458,0.1435,0.1392,0.1402,0.1425,0.1407,0.1362,0.1363,0.1339,0.1317,0.1581,0.1376,0.14,0.1375,0.1349,0.1274,0.1327,0.1308,0.1295,0.1359,0.1282,0.1278,0.1275,0.1241,0.1019,0.108,0.0853,0.0826,0.0881,0.0894,0.0932,0.088,0.0903,0.0833,0.0866,0.084,0.0845,0.0859,0.0833,0.0837,0.083,0.0779,0.0816,0.0818,0.0827,0.088,0.08591,0.08105,0.08277,0.08029,0.08187,0.08107,0.0825,0.08039,0.07927,0.07937,0.07539,0.06993,0.06353,0.0542,0.05555,0.06285,0.05523,0.05689,0.0529,0.06047,0.06002,0.06581,0.0617,0.06398,0.06694,0.06852,0.07296,0.07216,0.0661,0.06956,0.06644,0.06644,0.06667,0.06721,0.06938,0.06716,0.06844,0.07055,0.06906,0.06947,0.06728,0.06175,0.05982,0.06194,0.06246,0.06294,0.06439,0.06306,0.06756,0.06901,0.07014,0.06998,0.06743,0.06804,0.06755,0.06193,0.06252,0.06721,0.06909,0.06877,0.06965,0.06807,0.06845,0.06652,0.06621,0.06725,0.06863,0.08168,0.07662,0.08677,0.08021,0.07474,0.06776,0.06933,0.06932,0.0684,0.06884,0.06791,0.06898,0.06351,0.06351,0.06178,0.06384,0.06154,0.06135,0.06239,0.06165,0.06271,0.06323,0.06275,0.05889,0.06097,0.06096,0.06385,0.06466,0.06369,0.06393,0.05964,0.06115,0.0586,0.06046,0.0622,0.05743,0.05853,0.05839,0.05715,0.05958,0.06337,0.0631,0.06117,0.06113,0.06048,0.06051,0.06086,0.06167,0.06059,0.05927,0.06034,0.06478,0.06165,0.05981,0.08387,0.12176,0.11773,0.12686,0.14211,0.12765,0.12262,0.12613,0.12445,0.11477,0.11123,0.08827,0.0745,0.08978,0.08509,0.08815,0.08495,0.08595,0.08706,0.08548,0.08467,0.08474,0.08455,0.07703,0.07466,0.07876,0.08197,0.08146,0.0895,0.08893,0.09868,0.09513,0.10146,0.10677,0.10175,0.1021,0.0997,0.10406,0.10149,0.10019,0.09575,0.09847,0.0967,0.09632,0.09266,0.09029,0.09105,0.08824,0.08485,0.07569,0.07919,0.07847,0.07133,0.07483,0.07374,0.07685,0.07721,0.07752,0.07598,0.07568,0.07372,0.0704,0.07094,0.0684,0.07025,0.07024,0.0714,0.07049,0.07311,0.07152,0.07241,0.07219,0.07363,0.07566,0.07782,0.07814,0.08025,0.0845,0.08729,0.08608,0.08368,0.08285,0.08,0.08161,0.08617,0.08467,0.08824,0.08851,0.08392,0.08654,0.08633]}