{"start":"2020-06-11 00:00:00","cat":0,"target":[0.18817,0.19307,0.19234,0.19022,0.19238,0.19238,0.19315,0.18975,0.18722,0.18792,0.18602,0.18928,0.18889,0.18348,0.18156,0.18249,0.17509,0.17693,0.17726,0.17533,0.17647,0.17477,0.1762,0.17808,0.17695,0.18875,0.18508,0.20551,0.20263,0.19909,0.2011,0.20128,0.19867,0.19909,0.19721,0.19444,0.1944,0.1999,0.19956,0.19465,0.19949,0.20348,0.20851,0.20392,0.21463,0.21532,0.22437,0.23029,0.24327,0.24408,0.25939,0.29089,0.28803,0.31016,0.30138,0.30228,0.30311,0.29437,0.29527,0.2879,0.29469,0.2831,0.28233,0.2942,0.29995,0.29884,0.30455,0.31539,0.30251,0.28975,0.29218,0.27933,0.28592,0.2848,0.2884,0.27625,0.27653,0.26469,0.27174,0.2738,0.28302,0.28115,0.29521,0.27595,0.24409,0.25385,0.23738,0.23986,0.24198,0.23657,0.23901,0.24302,0.24252,0.24752,0.24218,0.24564,0.24331,0.24686,0.25214,0.25065,0.25112,0.24652,0.23102,0.23302,0.22164,0.23276,0.24154,0.24153,0.24334,0.24107,0.24285,0.24171,0.23819,0.23386,0.23273,0.24794,0.2503,0.24545,0.2487,0.25141,0.25293,0.25402,0.25544,0.25603,0.2565,0.24057,0.24221,0.24558,0.24322,0.25088,0.25709,0.25471,0.2562,0.25313,0.2481,0.25273,0.2454,0.24239,0.23905,0.23968,0.23999,0.23523,0.2396,0.23758,0.24561,0.25863,0.2491,0.25374,0.25059,0.2538,0.25581,0.2549,0.2659,0.26824,0.26954,0.28813,0.30247,0.29335,0.30358,0.32991,0.46283,0.44611,0.61579,0.694,0.63022,0.53654,0.5623,0.62579,0.60543,0.66417,0.61088,0.62972,0.63046,0.55367,0.58517,0.62107,0.60818,0.5589,0.58265,0.57267,0.54945,0.50658,0.51365,0.4974,0.46793,0.56941,0.5769,0.58337,0.57666,0.55586,0.51445,0.44642,0.2605,0.33863,0.31768,0.29481,0.28407,0.24845,0.22142,0.21138,0.21959,0.23746,0.22064,0.2254,0.23565,0.22573,0.24854,0.32389,0.32032,0.32419,0.31491,0.28743,0.29254,0.30582,0.29642,0.27991,0.27924,0.27746,0.28528,0.29396,0.29539,0.26802,0.27217,0.27167,0.27339,0.26757,0.26834,0.25039,0.26407,0.2829,0.44372,0.49507,0.37106,0.37254,0.39721,0.44545,0.45219,0.44307,0.41849,0.45099,0.47636,0.50429,0.52806,0.609,0.63309,0.59211,0.54976,0.51995,0.53467,0.53204,0.56465,0.51167,0.54468,0.56646,0.47579,0.4686,0.43601,0.42788,0.43589,0.41565,0.44537,0.4357,0.44846,0.48096,0.45457,0.46285,0.47412,0.4849,0.46155,0.45187,0.43934,0.45787,0.43905,0.43574,0.46024,0.4698,0.46893,0.46651,0.52613,0.51651,0.5441,0.5498,0.48021,0.51058,0.56357,0.54752,0.54552,0.56538,0.5621,0.56982,0.57087,0.60701,0.57831,0.635,0.91584,1.09663,0.91542,1.05599,1.01721,1.3728,1.35118,1.46843,1.79611,1.83468,1.75781,1.54805,1.53896,1.40797,1.30945,1.38501,1.29097,1.15489,1.17073,1.04833,1.0351,1.3629,1.4017,1.3576,1.3978,1.5988,1.651,1.5605,1.5546,1.3877,1.6133,1.6028,1.5793,1.5611,1.5345,1.3906,1.4786,1.2691,1.364,1.4,1.4904,1.4496,1.4946,1.5889,1.0568,1.1795,1.0062,0.9052,0.7898,0.993,0.9746,1.0316,0.9747,0.8985,0.8318,0.9058,1.0409,1.0108,1.0241,1.045,0.9683,0.923,0.947,0.8618,0.8731,0.9218,0.8686,0.8471,0.8326,0.8832,0.8906,0.8663,0.832,0.8419,0.7972,0.7582,0.7741,0.6067,0.5468,0.6383,0.6731,0.6111,0.6162,0.6484,0.6444,0.7063,0.7063,0.6591,0.6556,0.6732,0.696,0.6526,0.6648,0.6522,0.6215,0.6369,0.6246,0.6364,0.6288,0.6192,0.6197,0.5979,0.5893,0.5821,0.5866,0.557,0.5284,0.5719,0.592,0.6091,0.6085,0.6069,0.6234,0.6451,0.7327,0.7488,0.7521,0.746,0.7242,0.738,0.7136,0.731,0.7327,0.7474,0.8162,0.7788,0.817,0.8511,1.0105,0.966,1.0901,1.2791,1.2839,1.1855,1.0978,1.1431,1.2347,1.2629,1.2158,1.226,1.2457,1.1353,1.1735,1.0712,1.1918,1.1459,1.1408,1.1002,1.1856,1.2362,1.2533,1.2907,1.2548,1.3076,1.3894,1.1292,1.0998,1.0868,1.0552,1.0787,1.1181,1.0643,1.0963,1.1207,1.0902,1.0661,1.0751,1.0483,0.9216,0.8743,1.0033,1.0016,0.944,0.94,0.9436,0.9218,0.8928,0.9268,0.9533,1.0422,1.0359,1.0552,1.0425,1.0839,1.0765,1.0678,1.0636,1.1604,1.1352,1.1364,1.1018,1.1275,1.1336,1.1413,1.1343,1.0944,1.0827,1.0911,1.1455,1.0886,1.0885,1.0934,1.0821,1.0951,1.1075,0.995,1.0579,1.0825,1.0846,1.1128,1.0915,1.1349,1.2101,1.2004,1.1581,1.151,1.2198,1.2815,1.2571,1.1902,1.2142,1.1883,1.1892,1.1879,1.172,1.0877,1.0953,1.0406,1.0892,1.0965,1.0569,1.0354,1.0661,1.0326,1.0438,0.9394,0.9452,0.9687,0.9898,0.9983,0.9899,0.9716,0.9211,0.8449,0.8045,0.8255,0.8154,0.8622,0.8583,0.7992,0.8392,0.8393,0.7818,0.8103,0.8262,0.8051,0.7966,0.8262,0.835,0.8798,0.9467,0.9537,0.9941,0.9115,0.9252,0.92,0.9269,0.8515,0.8171,0.8386,0.8297,0.8507,0.8586,0.8324,0.8228,0.7726,0.7791,0.7634,0.7452,0.753,0.7399,0.7703,0.7987,0.768,0.7732,0.7791,0.7784,0.7617,0.7509,0.7381,0.7199,0.6368,0.5966,0.6283,0.6118,0.618,0.6193,0.6088,0.6111,0.6174,0.6013,0.6174,0.6284,0.6006,0.6102,0.6555,0.6656,0.6825,0.8314,0.8763,0.8697,0.8253,0.7591,0.8223,0.8057,0.8012,0.8515,0.8366,0.769,0.784,0.8215,0.7769,0.7018,0.7209,0.6967,0.6963,0.7699,0.7508,0.7215,0.7809,0.7839,0.7687,0.7515,0.7127,0.754,0.7251,0.7197,0.7207,0.7658,0.7361,0.8029,0.7857,0.7602,0.7748,0.7657,0.7919,0.7935,0.7965,0.8194,0.8057,0.8373,0.8366,0.8376,0.8428,0.8239,0.8327,0.858,0.8641,0.8577,0.8613,0.8148,0.8277,0.824,0.8432,0.826,0.8164,0.7595,0.7871,0.7549,0.7622,0.7543,0.6948,0.7152,0.7232,0.7262,0.7858,0.7808,0.7519,0.7699,0.7749,0.7517,0.7328,0.7179,0.7057,0.6981,0.6931,0.642,0.6522,0.6428,0.6116,0.5845,0.607,0.6143,0.6047,0.6459,0.5981,0.6022,0.5808,0.5662,0.4873,0.513,0.4172,0.3856,0.4228,0.4262,0.4481,0.4231,0.438,0.4056,0.4205,0.4101,0.4145,0.4218,0.4052,0.4086,0.406,0.392,0.3819,0.3863,0.3891,0.4187,0.4217,0.398,0.4055,0.3904,0.3925,0.3953,0.4026,0.4076,0.4006,0.4002,0.3815,0.3599,0.3433,0.3118,0.3214,0.3436,0.3132,0.321,0.3075,0.3264,0.3227,0.3294,0.3223,0.3358,0.3672,0.3676,0.3592,0.3537,0.3375,0.3296,0.3321,0.3139,0.3156,0.3215,0.3287,0.3252,0.3324,0.3422,0.3402,0.3448,0.3255,0.3152,0.3116,0.3237,0.3338,0.3342,0.3505,0.3433,0.3653,0.3729,0.3635,0.3669,0.3578,0.3592,0.3586,0.3362,0.3739,0.3679,0.3751,0.377,0.3795,0.3704,0.3344,0.3368,0.3449,0.344,0.3472,0.3456,0.3491,0.3393,0.3346,0.3224,0.3337,0.3267,0.3277,0.3331,0.3314,0.3297,0.3317,0.3329,0.3212,0.3369,0.3396,0.3568,0.3573,0.3552,0.3598,0.3326,0.4621,0.4795,0.4887,0.4934,0.5177,0.517,0.5325,0.4939,0.4861,0.4881,0.4791,0.4883,0.4818,0.4766,0.4804,0.4658,0.4504,0.4465,0.4614,0.4653,0.4688,0.4529,0.4605,0.4689,0.4615,0.4744,0.4701,0.4582,0.4641,0.4636,0.4497,0.4548,0.5064,0.493,0.4709,0.4648,0.4059,0.3331,0.3942,0.3843,0.3636,0.3408,0.3776,0.3888,0.3752,0.3819,0.3829,0.3841,0.3608,0.3645,0.3757,0.3815,0.4018,0.4078,0.396,0.3962,0.3888,0.3981,0.4078,0.3969,0.3961,0.3873,0.3895,0.3893,0.3914,0.3835,0.3941,0.3889,0.3865,0.3809,0.3874,0.3952,0.3853,0.378,0.3511,0.3545,0.3499,0.3389,0.3482,0.3449,0.3492,0.3543,0.3517,0.3457,0.3658,0.3675,0.3558,0.3421,0.3451,0.3389,0.3387,0.3482,0.3436,0.3472,0.338,0.3443,0.3442]}